{
    "results": [{
        "gender": "male",
        "name": {
            "title": "Mr",
            "first": "Mikail",
            "last": "Solheim"
        },
        "location": {
            "street": {
                "number": 7901,
                "name": "Kallerudveien"
            },
            "city": "Høllen",
            "state": "Telemark",
            "country": "Norway",
            "postcode": "5449",
            "coordinates": {
                "latitude": "48.3133",
                "longitude": "-167.2310"
            },
            "timezone": {
                "offset": "+3:00",
                "description": "Baghdad, Riyadh, Moscow, St. Petersburg"
            }
        },
        "email": "mikail.solheim@example.com",
        "login": {
            "uuid": "ac8c65c8-edfd-49c7-9821-7bed33935369",
            "username": "bluebutterfly511",
            "password": "loser",
            "salt": "6291JVCv",
            "md5": "5f4da59b187fff139c3f5419037807d5",
            "sha1": "e6985affab9a33c062ce15a4fe7d5425c7d95bf8",
            "sha256": "264c57aefd483c0e9d0fbb9b387b6f2b2408cebddb4a99fe2fef94df01118ca9"
        },
        "dob": {
            "date": "1983-04-08T00:30:18.574Z",
            "age": 36
        },
        "registered": {
            "date": "2017-09-17T04:17:54.595Z",
            "age": 2
        },
        "phone": "32523146",
        "cell": "95272408",
        "id": {
            "name": "FN",
            "value": "08048348379"
        },
        "picture": {
            "large": "https://randomuser.me/api/portraits/men/82.jpg",
            "medium": "https://randomuser.me/api/portraits/med/men/82.jpg",
            "thumbnail": "https://randomuser.me/api/portraits/thumb/men/82.jpg"
        },
        "nat": "NO"
    }, {
        "gender": "female",
        "name": {
            "title": "Miss",
            "first": "Irene",
            "last": "Stanley"
        },
        "location": {
            "street": {
                "number": 6897,
                "name": "Shady Ln Dr"
            },
            "city": "Davenport",
            "state": "Washington",
            "country": "United States",
            "postcode": 89220,
            "coordinates": {
                "latitude": "76.6261",
                "longitude": "32.7362"
            },
            "timezone": {
                "offset": "-11:00",
                "description": "Midway Island, Samoa"
            }
        },
        "email": "irene.stanley@example.com",
        "login": {
            "uuid": "4c470d09-fc6d-400b-b3ee-a22c759faa33",
            "username": "purpleduck307",
            "password": "musica",
            "salt": "NkiVEwM0",
            "md5": "99da112e551f9fb0ff6e3c145f76a40e",
            "sha1": "0d4fed8dcdbe1fe21fb28a2752badfa9bd0a7fd5",
            "sha256": "b456535b2339958e24d7e7f77bdf87cdcb1a45dcd29d2a7c807ca02db80686d1"
        },
        "dob": {
            "date": "1975-01-23T23:01:51.715Z",
            "age": 44
        },
        "registered": {
            "date": "2016-03-04T22:16:14.888Z",
            "age": 3
        },
        "phone": "(864)-727-2695",
        "cell": "(813)-850-6700",
        "id": {
            "name": "SSN",
            "value": "330-82-8905"
        },
        "picture": {
            "large": "https://randomuser.me/api/portraits/women/83.jpg",
            "medium": "https://randomuser.me/api/portraits/med/women/83.jpg",
            "thumbnail": "https://randomuser.me/api/portraits/thumb/women/83.jpg"
        },
        "nat": "US"
    }, {
        "gender": "male",
        "name": {
            "title": "Mr",
            "first": "Nihal",
            "last": "Duygulu"
        },
        "location": {
            "street": {
                "number": 3520,
                "name": "Filistin Cd"
            },
            "city": "Kastamonu",
            "state": "Manisa",
            "country": "Turkey",
            "postcode": 28867,
            "coordinates": {
                "latitude": "11.1924",
                "longitude": "106.8489"
            },
            "timezone": {
                "offset": "-3:00",
                "description": "Brazil, Buenos Aires, Georgetown"
            }
        },
        "email": "nihal.duygulu@example.com",
        "login": {
            "uuid": "dd96c4c4-af9d-415e-90ab-00650d4df08e",
            "username": "angryfish504",
            "password": "homerj",
            "salt": "kSD3EANX",
            "md5": "5582a43bf30dadc4f227cf999ba718e8",
            "sha1": "fc9af582799fe907d3f1f362b285182440ea7b47",
            "sha256": "3cf5f03c4be1fa75a1cb05e2d4949d43315933d69a01b7fc4d88b584755b9e3b"
        },
        "dob": {
            "date": "1963-08-21T18:55:35.038Z",
            "age": 56
        },
        "registered": {
            "date": "2009-01-09T17:28:46.496Z",
            "age": 10
        },
        "phone": "(585)-345-5424",
        "cell": "(342)-875-3673",
        "id": {
            "name": "",
            "value": null
        },
        "picture": {
            "large": "https://randomuser.me/api/portraits/men/46.jpg",
            "medium": "https://randomuser.me/api/portraits/med/men/46.jpg",
            "thumbnail": "https://randomuser.me/api/portraits/thumb/men/46.jpg"
        },
        "nat": "TR"
    }, {
        "gender": "female",
        "name": {
            "title": "Ms",
            "first": "Katie",
            "last": "Robinson"
        },
        "location": {
            "street": {
                "number": 9327,
                "name": "Kings Road"
            },
            "city": "Birmingham",
            "state": "Gloucestershire",
            "country": "United Kingdom",
            "postcode": "F3X 4GG",
            "coordinates": {
                "latitude": "-47.3835",
                "longitude": "97.0637"
            },
            "timezone": {
                "offset": "+1:00",
                "description": "Brussels, Copenhagen, Madrid, Paris"
            }
        },
        "email": "katie.robinson@example.com",
        "login": {
            "uuid": "45597832-b7e7-46ac-b047-5678d8678864",
            "username": "redbear133",
            "password": "xander",
            "salt": "2iBNtKnB",
            "md5": "80e6da068ee205d67f8b593d6672d159",
            "sha1": "5c56d6636992fc45899cf7a31b747b558e579b7d",
            "sha256": "1516bc7a867b153c46ab8998f5b4b75fdc285cd44de40c9f312a6b20fa468bca"
        },
        "dob": {
            "date": "1955-11-12T07:55:47.151Z",
            "age": 64
        },
        "registered": {
            "date": "2010-04-20T06:27:12.972Z",
            "age": 9
        },
        "phone": "015395 04714",
        "cell": "0768-121-872",
        "id": {
            "name": "NINO",
            "value": "AE 59 83 12 J"
        },
        "picture": {
            "large": "https://randomuser.me/api/portraits/women/9.jpg",
            "medium": "https://randomuser.me/api/portraits/med/women/9.jpg",
            "thumbnail": "https://randomuser.me/api/portraits/thumb/women/9.jpg"
        },
        "nat": "GB"
    }, {
        "gender": "male",
        "name": {
            "title": "Mr",
            "first": "سینا",
            "last": "یاسمی"
        },
        "location": {
            "street": {
                "number": 8440,
                "name": "مالک اشتر"
            },
            "city": "ورامین",
            "state": "اصفهان",
            "country": "Iran",
            "postcode": 73161,
            "coordinates": {
                "latitude": "-7.0405",
                "longitude": "-47.1627"
            },
            "timezone": {
                "offset": "+3:30",
                "description": "Tehran"
            }
        },
        "email": "syn.ysmy@example.com",
        "login": {
            "uuid": "73dc869b-68e8-4cd7-a516-6d27a5937fa0",
            "username": "yellowbutterfly971",
            "password": "gordo",
            "salt": "YgZbw2DZ",
            "md5": "593b874bd6e40ce8b8f5013e006a79dd",
            "sha1": "fcfd38b2c61f580b7fc1145e926feaac65e4b6f3",
            "sha256": "4c178b4b00ceab8cce58d14af1b98e9f9bc3905c8d4bc23fac03fa3ee3a0b084"
        },
        "dob": {
            "date": "1976-12-17T20:44:31.009Z",
            "age": 43
        },
        "registered": {
            "date": "2013-12-18T17:56:04.367Z",
            "age": 6
        },
        "phone": "006-88881610",
        "cell": "0966-068-1482",
        "id": {
            "name": "",
            "value": null
        },
        "picture": {
            "large": "https://randomuser.me/api/portraits/men/44.jpg",
            "medium": "https://randomuser.me/api/portraits/med/men/44.jpg",
            "thumbnail": "https://randomuser.me/api/portraits/thumb/men/44.jpg"
        },
        "nat": "IR"
    }, {
        "gender": "female",
        "name": {
            "title": "Mrs",
            "first": "Lilly",
            "last": "Høgberg"
        },
        "location": {
            "street": {
                "number": 3691,
                "name": "Heiasvingen"
            },
            "city": "Ler",
            "state": "Hedmark",
            "country": "Norway",
            "postcode": "3677",
            "coordinates": {
                "latitude": "-83.2038",
                "longitude": "-105.3809"
            },
            "timezone": {
                "offset": "+9:30",
                "description": "Adelaide, Darwin"
            }
        },
        "email": "lilly.hogberg@example.com",
        "login": {
            "uuid": "714163ee-9274-4205-bed4-ae1e4e42b229",
            "username": "happyladybug315",
            "password": "nitram",
            "salt": "9dEhuaRJ",
            "md5": "8478ae7a5661e19966e403916f440274",
            "sha1": "0fe5d0432121f1c209a349b10e8d587fb208373b",
            "sha256": "88e7955b869f7f321976d98bbfc00bea734676dd53b5d2941c622c5b120db9b1"
        },
        "dob": {
            "date": "1961-08-12T01:13:53.074Z",
            "age": 58
        },
        "registered": {
            "date": "2007-02-27T11:39:51.595Z",
            "age": 12
        },
        "phone": "24940060",
        "cell": "45389749",
        "id": {
            "name": "FN",
            "value": "12086139047"
        },
        "picture": {
            "large": "https://randomuser.me/api/portraits/women/48.jpg",
            "medium": "https://randomuser.me/api/portraits/med/women/48.jpg",
            "thumbnail": "https://randomuser.me/api/portraits/thumb/women/48.jpg"
        },
        "nat": "NO"
    }, {
        "gender": "female",
        "name": {
            "title": "Miss",
            "first": "Peggy",
            "last": "Ehmann"
        },
        "location": {
            "street": {
                "number": 139,
                "name": "Römerstraße"
            },
            "city": "Geestland",
            "state": "Bremen",
            "country": "Germany",
            "postcode": 72720,
            "coordinates": {
                "latitude": "-6.2219",
                "longitude": "92.9885"
            },
            "timezone": {
                "offset": "+5:30",
                "description": "Bombay, Calcutta, Madras, New Delhi"
            }
        },
        "email": "peggy.ehmann@example.com",
        "login": {
            "uuid": "8350e9bf-3610-4b27-a690-916b16d0470c",
            "username": "blueostrich133",
            "password": "pingpong",
            "salt": "mcUQi65m",
            "md5": "3e1fb4cbc0a31d2f80bd3f340f34034c",
            "sha1": "658cd751f7f6f64814ddb04530047256f32b4e8f",
            "sha256": "6379f620a8f060f498b8350e729990cacb4f08d896e2c8ab93ee25d2c80f23a6"
        },
        "dob": {
            "date": "1951-12-22T12:24:04.467Z",
            "age": 68
        },
        "registered": {
            "date": "2003-08-22T23:48:51.550Z",
            "age": 16
        },
        "phone": "0244-0465327",
        "cell": "0179-3445834",
        "id": {
            "name": "",
            "value": null
        },
        "picture": {
            "large": "https://randomuser.me/api/portraits/women/92.jpg",
            "medium": "https://randomuser.me/api/portraits/med/women/92.jpg",
            "thumbnail": "https://randomuser.me/api/portraits/thumb/women/92.jpg"
        },
        "nat": "DE"
    }, {
        "gender": "female",
        "name": {
            "title": "Miss",
            "first": "Luna",
            "last": "Leclerc"
        },
        "location": {
            "street": {
                "number": 1945,
                "name": "Rue de L'Abbé-Patureau"
            },
            "city": "Roubaix",
            "state": "Tarn",
            "country": "France",
            "postcode": 86314,
            "coordinates": {
                "latitude": "78.2761",
                "longitude": "-35.0271"
            },
            "timezone": {
                "offset": "+5:30",
                "description": "Bombay, Calcutta, Madras, New Delhi"
            }
        },
        "email": "luna.leclerc@example.com",
        "login": {
            "uuid": "8bd8f6dd-9f1e-4945-a7d1-b00d2d303e3e",
            "username": "redbird489",
            "password": "films",
            "salt": "5jQnSpka",
            "md5": "2d14024a5bac3bc31e625921f09db920",
            "sha1": "de6070cfa88de73560851077c1feb87526c046e5",
            "sha256": "d56f9e1e879152e47a8c57ea9f90da28da3c9a24eadb6f61976ae888f665056b"
        },
        "dob": {
            "date": "1985-04-08T08:22:56.402Z",
            "age": 34
        },
        "registered": {
            "date": "2007-12-28T05:31:49.199Z",
            "age": 12
        },
        "phone": "02-86-34-15-91",
        "cell": "06-35-85-67-26",
        "id": {
            "name": "INSEE",
            "value": "2NNaN27474378 61"
        },
        "picture": {
            "large": "https://randomuser.me/api/portraits/women/16.jpg",
            "medium": "https://randomuser.me/api/portraits/med/women/16.jpg",
            "thumbnail": "https://randomuser.me/api/portraits/thumb/women/16.jpg"
        },
        "nat": "FR"
    }, {
        "gender": "female",
        "name": {
            "title": "Miss",
            "first": "Aurora",
            "last": "Leon"
        },
        "location": {
            "street": {
                "number": 4359,
                "name": "Calle de Tetuán"
            },
            "city": "Pamplona",
            "state": "La Rioja",
            "country": "Spain",
            "postcode": 24785,
            "coordinates": {
                "latitude": "-16.7677",
                "longitude": "63.6550"
            },
            "timezone": {
                "offset": "+5:30",
                "description": "Bombay, Calcutta, Madras, New Delhi"
            }
        },
        "email": "aurora.leon@example.com",
        "login": {
            "uuid": "81c8b2c4-0417-46ad-941d-b308f2466741",
            "username": "yellowpeacock788",
            "password": "erica",
            "salt": "qSJ9yeJz",
            "md5": "0126642b85ac291cb17f46974e3625e8",
            "sha1": "ed89301400dd03a5b1a5084d4760e70b8e1b14f8",
            "sha256": "0f1ed48edbc64194fa754ca3b67eb860997221a4c620ac06d1b71235cb2c4560"
        },
        "dob": {
            "date": "1971-02-01T10:35:34.076Z",
            "age": 48
        },
        "registered": {
            "date": "2012-03-21T23:27:08.253Z",
            "age": 7
        },
        "phone": "959-495-425",
        "cell": "611-351-860",
        "id": {
            "name": "DNI",
            "value": "14447276-Y"
        },
        "picture": {
            "large": "https://randomuser.me/api/portraits/women/55.jpg",
            "medium": "https://randomuser.me/api/portraits/med/women/55.jpg",
            "thumbnail": "https://randomuser.me/api/portraits/thumb/women/55.jpg"
        },
        "nat": "ES"
    }, {
        "gender": "male",
        "name": {
            "title": "Mr",
            "first": "Wolfhard",
            "last": "Wendland"
        },
        "location": {
            "street": {
                "number": 6948,
                "name": "Dorfstraße"
            },
            "city": "Klötze",
            "state": "Niedersachsen",
            "country": "Germany",
            "postcode": 18920,
            "coordinates": {
                "latitude": "-52.9580",
                "longitude": "-178.6728"
            },
            "timezone": {
                "offset": "-6:00",
                "description": "Central Time (US & Canada), Mexico City"
            }
        },
        "email": "wolfhard.wendland@example.com",
        "login": {
            "uuid": "932389be-e0bb-4e8f-9c99-35e644f039fd",
            "username": "silverpanda724",
            "password": "babylon5",
            "salt": "HSt7eoC9",
            "md5": "6c0eb0dccaef19a4b6b8667ea57d8738",
            "sha1": "84e303ddb5af4c1d9b5f256785a9160036742a7b",
            "sha256": "689332a51d1600e9e52325557d4925cf5620d3f33e22eed3c199a2ab793edccf"
        },
        "dob": {
            "date": "1957-10-17T14:46:14.682Z",
            "age": 62
        },
        "registered": {
            "date": "2007-02-27T21:04:41.957Z",
            "age": 12
        },
        "phone": "0297-9820824",
        "cell": "0176-5286772",
        "id": {
            "name": "",
            "value": null
        },
        "picture": {
            "large": "https://randomuser.me/api/portraits/men/2.jpg",
            "medium": "https://randomuser.me/api/portraits/med/men/2.jpg",
            "thumbnail": "https://randomuser.me/api/portraits/thumb/men/2.jpg"
        },
        "nat": "DE"
    }],
    "info": {
        "seed": "54ef26efd50ea5fc",
        "results": 10,
        "page": 1,
        "version": "1.3"
    }
}
